Company,Industry,User-Content
Hindalco,aluminium,
NALCO,aluminium,
PG Foils,aluminium,
Hind Aluminium,aluminium,
Avanti Feeds,aquaculture,
Coastal Corp,aquaculture,
Shantanu Sheo,aquaculture,
Kings Infra,aquaculture,
Bajaj Auto,auto-2-3-wheelers,
Mah Scooters,auto-2-3-wheelers,
Hero Motocorp,auto-2-3-wheelers,
TVS Motor,auto-2-3-wheelers,
Endurance Techn,auto-2-3-wheelers,
Majestic Auto,auto-2-3-wheelers,
Atul Auto,auto-2-3-wheelers,
Kinetic Eng,auto-2-3-wheelers,
Maruti Suzuki,auto-cars-jeeps,
M&M,auto-cars-jeeps,
Tata Motors,auto-lcvs-hcvs,
Eicher Motors,auto-lcvs-hcvs,
Ashok Leyland,auto-lcvs-hcvs,
Force Motors,auto-lcvs-hcvs,
Escorts,auto-tractors,
HMT,auto-tractors,
VST Tillers,auto-tractors,
Motherson Sumi,auto-ancillaries,
Bosch,auto-ancillaries,
Exide Ind,auto-ancillaries,
Minda Ind,auto-ancillaries,
Castex Tech,auto-ancillaries,
Suprajit Eng,auto-ancillaries,
Minda Corp,auto-ancillaries,
WABCO India,auto-ancillaries,
Sundaram-Clayto,auto-ancillaries,
Munjal Showa,auto-ancillaries,
India Nippon,auto-ancillaries,
ZF Steering Gea,auto-ancillaries,
UCAL Fuel,auto-ancillaries,
Banco Products,auto-ancillaries,
Precision Camsh,auto-ancillaries,
Pricol,auto-ancillaries,
Lumax Auto Tech,auto-ancillaries,
Setco Auto,auto-ancillaries,
Rico Auto,auto-ancillaries,
IST Ltd,auto-ancillaries,
JBM Auto,auto-ancillaries,
Sharda Motor,auto-ancillaries,
Autoline Ind,auto-ancillaries,
Sandhar Technol,auto-ancillaries,
LG Balakrishnan,auto-ancillaries,
Munjal Auto Ind,auto-ancillaries,
Talbros Auto,auto-ancillaries,
PPAP Automotive,auto-ancillaries,
Gabriel India,auto-ancillaries,
Rajratan Global,auto-ancillaries,
Harita Seating,auto-ancillaries,
Amara Raja Batt,auto-ancillaries,
Jay BharatMarut,auto-ancillaries,
Porwal Auto,auto-ancillaries,
Auto Corp Goa,auto-ancillaries,
JMT Auto,auto-ancillaries,
Lumax Inds,auto-ancillaries,
JTEKT India ,auto-ancillaries,
Frontier Spring,auto-ancillaries,
Subros,auto-ancillaries,
Machino Plastic,auto-ancillaries,
Rane Engine,auto-ancillaries,
Rane Madras,auto-ancillaries,
Rane Brake,auto-ancillaries,
Jamna Auto,auto-ancillaries,
Triton Valves,auto-ancillaries,
Steel Str Wheel,auto-ancillaries,
Hind Hardy,auto-ancillaries,
Remsons Ind,auto-ancillaries,
Talbros Eng,auto-ancillaries,
Sundaram Brake,auto-ancillaries,
Him Teknoforge ,auto-ancillaries,
GNA Axles,auto-ancillaries,
HDFC Bank,banks-private-sector,
ICICI Bank,banks-private-sector,
Axis Bank,banks-private-sector,
Yes Bank,banks-private-sector,
Kotak Mahindra,banks-private-sector,
IDFC First Bank,banks-private-sector,
IndusInd Bank,banks-private-sector,
StanChart PLC,banks-private-sector,
Federal Bank,banks-private-sector,
JK Bank,banks-private-sector,
South Ind Bk,banks-private-sector,
Karur Vysya,banks-private-sector,
RBL Bank,banks-private-sector,
Karnataka Bank,banks-private-sector,
Lakshmi Vilas,banks-private-sector,
Bandhan Bank,banks-private-sector,
City Union Bank,banks-private-sector,
DCB Bank,banks-private-sector,
Dhanlaxmi Bank,banks-private-sector,
SBI,banks-public-sector,
PNB,banks-public-sector,
Bank of Baroda,banks-public-sector,
Bank of India,banks-public-sector,
Canara Bank,banks-public-sector,
Union Bank,banks-public-sector,
Central Bank,banks-public-sector,
IDBI Bank,banks-public-sector,
Syndicate Bank,banks-public-sector,
Indian Bank,banks-public-sector,
UCO Bank,banks-public-sector,
Corporation Bk,banks-public-sector,
Oriental Bank,banks-public-sector,
IOB,banks-public-sector,
Allahabad Bank,banks-public-sector,
Andhra Bank,banks-public-sector,
United Bank,banks-public-sector,
Bank of Mah,banks-public-sector,
Punjab & Sind,banks-public-sector,
Timken,bearings,
Bimetal Bearing,bearings,
SKF India,bearings,
NRB Bearings,bearings,
SNL Bearings,bearings,
NRB Industrial,bearings,
Austin Eng,bearings,
United Spirits,breweries-distilleries,
Empee Distiller,breweries-distilleries,
GM Breweries,breweries-distilleries,
Radico Khaitan,breweries-distilleries,
IFB Agro,breweries-distilleries,
Som Distillerie,breweries-distilleries,
Khoday India,breweries-distilleries,
Tilaknagar Ind,breweries-distilleries,
United Brewerie,breweries-distilleries,
Jagatjit Ind,breweries-distilleries,
Globus Spirits,breweries-distilleries,
Universal Cable,cables-power-others,
Polycab,cables-power-others,
KEI Industries,cables-power-others,
Jigar Cables,cables-power-others,
Finolex Cables,cables-telephone,
Sterlite Techno,cables-telephone,
Vindhya Telelin,cables-telephone,
Aksh Optifibre,cables-telephone,
Birla Cable,cables-telephone,
Mahindra CIE,castings-forgings,
Bharat Forge,castings-forgings,
AIA Engineering,castings-forgings,
Electrosteel,castings-forgings,
Metalyst Forgin,castings-forgings,
Nelcast,castings-forgings,
RamkrishnaForge,castings-forgings,
Alicon Castallo,castings-forgings,
Pradeep Metals,castings-forgings,
National Fittin,castings-forgings,
Uni Abex,castings-forgings,
Invest and Prec,castings-forgings,
Simplex Casting,castings-forgings,
Steelcast,castings-forgings,
Carnation Ind,castings-forgings,
Ambuja Cements,cement-major,
UltraTechCement,cement-major,
Shree Cements,cement-major,
Birla Corp,cement-major,
J. K. Cement,cement-major,
Rain Industries,cement-major,
JK Lakshmi Cem,cement-major,
India Cements,cement-major,
Prism Cement,cement-major,
Dalmia Bharat,cement-major,
ACC,cement-major,
Ramco Cements,cement-major,
Guj Sidhee Cem,cement-major,
Mangalam Cement,cement-major,
Barak Vally Cem,cement-major,
Panyam Cements,cement-major,
KCP,cement-major,
Saurashtra Cem,cement-major,
Star Cement,cement-major,
Sagar Cement,cement-mini,
Deccan Cements,cement-mini,
Kakatiya Cement,cement-mini,
HIL,cement-products-building-materials,
Ramcoind,cement-products-building-materials,
Orient Refract,cement-products-building-materials,
IFGL Refractory,cement-products-building-materials,
Indian Hume,cement-products-building-materials,
Everest Ind,cement-products-building-materials,
A Infra.,cement-products-building-materials,
Cera Sanitary,ceramics-granite,
Somany Ceramics,ceramics-granite,
Kajaria Ceramic,ceramics-granite,
Elegant Marble,ceramics-granite,
Pokarna,ceramics-granite,
Asian Granito,ceramics-granite,
Nitco,ceramics-granite,
HSIL,ceramics-granite,
Orient Bell,ceramics-granite,
Inani Marbles,ceramics-granite,
Tata Chemicals,chemicals,
Pidilite Ind,chemicals,
UPL,chemicals,
Guj Alkali,chemicals,
Guj Flourochem,chemicals,
Deepak Nitrite,chemicals,
Navin Fluorine,chemicals,
Phillips Carbon,chemicals,
S H Kelkar,chemicals,
Excel,chemicals,
Himadri Special,chemicals,
Thirumalai Chem,chemicals,
Elantas Beck,chemicals,
Kanoria Chem,chemicals,
Chembond Chem,chemicals,
Standard Ind,chemicals,
Camlin Fine,chemicals,
Transpek,chemicals,
Paushak Ltd,chemicals,
IG Petro,chemicals,
Sree Rayalaseem,chemicals,
Vinati Organics,chemicals,
Narmada Gelatin,chemicals,
Balaji Amines,chemicals,
Aarti Ind,chemicals,
Panama Petro,chemicals,
Fineotex Chem,chemicals,
Laffans Petro,chemicals,
Mysore Petro,chemicals,
India Gelatine,chemicals,
Solar Ind,chemicals,
India Glycols,chemicals,
Shree Pushkar,chemicals,
Andhra Petro,chemicals,
Indo Borax,chemicals,
Insilco,chemicals,
Jayant Agro-Org,chemicals,
Cochin Minerals,chemicals,
Alufluoride,chemicals,
Avon Life,chemicals,
Guj Heavy Chem,chemicals,
Omkar Special,chemicals,
TGV Sraac,chemicals,
Yash Chemex,chemicals,
National Perox,chemicals,
Valiant Organic,chemicals,
Vishnu Chemical,chemicals,
Kesar Petro,chemicals,
Premier Explo,chemicals,
Indo Amines,chemicals,
Vikas Ecotech,chemicals,
Nitta Gelatin,chemicals,
Dharamsi Morarj,chemicals,
Dai-Ichi Karkar,chemicals,
Grauer and Weil,chemicals,
Jayshree Chem,chemicals,
Vinyl Chemicals,chemicals,
Padmanabh Ind,chemicals,
Alkyl Amines,chemicals,
Ganesh Benzo,chemicals,
Haryana Leather,chemicals,
Refnol Resin,chemicals,
Tanfac Ind,chemicals,
Ashok Alco-Chem,chemicals,
Ram Minerals,chemicals,
Neogen,chemicals,
Amines Plast,chemicals,
Black Rose Ind,chemicals,
Pondy Oxides,chemicals,
Lords Chloro,chemicals,
Lime Chemicals,chemicals,
Kavit Ind,chemicals,
Refex Ind,chemicals,
Chemfab Alkalis,chemicals,
Linde India,chemicals,
Fairchem Spec,chemicals,
Ishan Dyes,chemicals,
ITC,cigarettes,
Godfrey Phillip,cigarettes,
VST,cigarettes,
Kothari Product,cigarettes,
Kirloskar Pneum,compressors,
Elgi Equipments,compressors,
Revathi CP,compressors,
Redington,computers-hardware,
Smartlink Net,computers-hardware,
HCL Info,computers-hardware,
D-Link India,computers-hardware,
TVS Electronics,computers-hardware,
Accel,computers-hardware,
Eco Recycling,computers-hardware,
Compuage Info,computers-hardware,
Cerebra Int,computers-hardware,
TCS,computers-software,
Wipro,computers-software,
Infosys,computers-software,
Tech Mahindra,computers-software,
HCL Tech,computers-software,
MphasiS,computers-software,
L&T Infotech,computers-software,
63 Moons Tech,computers-software,
Persistent,computers-software,
NIIT Tech,computers-software,
Mindtree,computers-software,
Oracle Fin Serv,computers-software,
Cyient,computers-software,
Sasken Tech,computers-software,
Quick Heal Tech,computers-software,
Ramco System,computers-software,
Rolta,computers-software,
Hexaware Tech,computers-software,
Mastek,computers-software,
Mindteck,computers-software,
Saksoft,computers-software,
Zensar Tech,computers-software,
8K Miles Soft,computers-software,
Newgen Software,computers-software,
Intellect Desig,computers-software,
Bodhtree Cons,computers-software,
Scanpoint Geo,computers-software,
Jeevan Scient,computers-software,
Zee Learn,computers-software-training,
NIIT,computers-software-training,
Aptech,computers-software-training,
MT Educare,computers-software-training,
Tree House,computers-software-training,
Virtual Global,computers-software-training,
Firstsource Sol,computers-software-medium-small,
L&T Technology,computers-software-medium-small,
Subex,computers-software-medium-small,
Birlasoft,computers-software-medium-small,
eClerx Services,computers-software-medium-small,
Take Solutions,computers-software-medium-small,
Brightcom Group,computers-software-medium-small,
Majesco,computers-software-medium-small,
Nucleus Softwar,computers-software-medium-small,
FCS Software,computers-software-medium-small,
Datamatics Glob,computers-software-medium-small,
IZMO,computers-software-medium-small,
Genesys Int,computers-software-medium-small,
Allied Digital,computers-software-medium-small,
Sonata,computers-software-medium-small,
Tanla Solutions,computers-software-medium-small,
R Systems Intl,computers-software-medium-small,
aurionPro Sol,computers-software-medium-small,
ALLSEC Tech,computers-software-medium-small,
Trigyn Tech,computers-software-medium-small,
Accelya Kale,computers-software-medium-small,
GSS Infotech,computers-software-medium-small,
Kellton Tech,computers-software-medium-small,
Cigniti Tech,computers-software-medium-small,
Cybermate Info,computers-software-medium-small,
HOV Services,computers-software-medium-small,
Virinchi ,computers-software-medium-small,
RS Software,computers-software-medium-small,
Visesh Infotech,computers-software-medium-small,
Xchanging Sol,computers-software-medium-small,
Onward Tech,computers-software-medium-small,
ABM Knowledg,computers-software-medium-small,
Megasoft,computers-software-medium-small,
Vakrangee,computers-software-medium-small,
Intense Tech,computers-software-medium-small,
ASM Tech,computers-software-medium-small,
Cambridge Tech,computers-software-medium-small,
Avantel,computers-software-medium-small,
Danlaw Tech,computers-software-medium-small,
Zen Tech,computers-software-medium-small,
Compucom Soft,computers-software-medium-small,
Goldstone Tech,computers-software-medium-small,
Suri Capital,computers-software-medium-small,
Palred Tech,computers-software-medium-small,
WEP Solutions,computers-software-medium-small,
VEDAVAAG System,computers-software-medium-small,
Moschip Tech,computers-software-medium-small,
Saven Tech,computers-software-medium-small,
California Soft,computers-software-medium-small,
Response Info,computers-software-medium-small,
Zylog Systems,computers-software-medium-small,
COSYN,computers-software-medium-small,
Pan India Corp,computers-software-medium-small,
Indian Infotech,computers-software-medium-small,
Dynacons Sys,computers-software-medium-small,
Ram Informatics,computers-software-medium-small,
Unitech,construction-contracting-civil,
IRB InvIT,construction-contracting-civil,
IVRCL,construction-contracting-civil,
Madhucon Proj,construction-contracting-civil,
Supreme Infra,construction-contracting-civil,
Hind Constr,construction-contracting-civil,
Ashoka Buildcon,construction-contracting-civil,
Welspun Enter,construction-contracting-civil,
Gayatri Project,construction-contracting-civil,
NCC,construction-contracting-civil,
Mahindra Life,construction-contracting-civil,
Patel Eng,construction-contracting-civil,
KNR Construct,construction-contracting-civil,
Dilip Buildcon,construction-contracting-civil,
Atlanta,construction-contracting-civil,
JMC Projects,construction-contracting-civil,
Ramky Infra,construction-contracting-civil,
Tantia Const,construction-contracting-civil,
Man Infra,construction-contracting-civil,
CHD Developers,construction-contracting-civil,
ARSS Infra,construction-contracting-civil,
GPT Infra,construction-contracting-civil,
J Kumar Infra,construction-contracting-civil,
Karda Construct,construction-contracting-civil,
Raunaq EPC Int,construction-contracting-civil,
Capacite Infra,construction-contracting-civil,
BL Kashyap,construction-contracting-civil,
SSPDL,construction-contracting-civil,
Elnet Tech,construction-contracting-civil,
Ahluwalia,construction-contracting-civil,
Conart Engineer,construction-contracting-civil,
PSP Projects,construction-contracting-civil,
Mukund Engg,construction-contracting-civil,
Garnet Construc,construction-contracting-civil,
PVV Infra,construction-contracting-civil,
RPP Infra Proj,construction-contracting-civil,
ITD Cementation,construction-contracting-civil,
Bigbloc Constru,construction-contracting-civil,
CCCL,construction-contracting-civil,
Niraj Cement,construction-contracting-civil,
Prakash Constro,construction-contracting-civil,
Noida Toll,construction-contracting-civil,
Ansal Propertie,construction-contracting-housing,
Marg,construction-contracting-housing,
Peninsula Land,construction-contracting-housing,
Ganesh Housing,construction-contracting-housing,
Prajay Engineer,construction-contracting-housing,
Ashiana Housing,construction-contracting-housing,
BSEL Infra,construction-contracting-housing,
Ansal Housing,construction-contracting-housing,
Arihant Found,construction-contracting-housing,
Nila Infra,construction-contracting-housing,
HB Estate Dev,construction-contracting-housing,
Ansal Buildwell,construction-contracting-housing,
Eldeco Housing,construction-contracting-housing,
Tirupati Sarjan,construction-contracting-housing,
Lancor Holdings,construction-contracting-housing,
Maruti Infra,construction-contracting-housing,
Alpine Hsg,construction-contracting-housing,
Embassy Office ,construction-contracting-real-estate,
DLF,construction-contracting-real-estate,
Indiabulls Real,construction-contracting-real-estate,
Phoenix Mills,construction-contracting-real-estate,
Godrej Prop,construction-contracting-real-estate,
DB Realty,construction-contracting-real-estate,
Prestige Estate,construction-contracting-real-estate,
Hubtown,construction-contracting-real-estate,
Brigade Ent,construction-contracting-real-estate,
Sunteck Realty,construction-contracting-real-estate,
Delta Corp,construction-contracting-real-estate,
Prozone Intu,construction-contracting-real-estate,
Parsvnath,construction-contracting-real-estate,
PVP Ventures,construction-contracting-real-estate,
Anant Raj,construction-contracting-real-estate,
HDIL,construction-contracting-real-estate,
Oberoi Realty,construction-contracting-real-estate,
PNC Infratech,construction-contracting-real-estate,
Sobha,construction-contracting-real-estate,
Nel Holdings,construction-contracting-real-estate,
HUDCO,construction-contracting-real-estate,
Kolte-Patil,construction-contracting-real-estate,
Omaxe,construction-contracting-real-estate,
Shristi Infra,construction-contracting-real-estate,
Emami Realty ,construction-contracting-real-estate,
Vascon Engineer,construction-contracting-real-estate,
Marathon Realty,construction-contracting-real-estate,
Ajmera Realty,construction-contracting-real-estate,
Satra Prop,construction-contracting-real-estate,
RDB Realty,construction-contracting-real-estate,
Prime Property,construction-contracting-real-estate,
TCI Developers,construction-contracting-real-estate,
Vipul,construction-contracting-real-estate,
Prerna Infra,construction-contracting-real-estate,
Rodium Realty,construction-contracting-real-estate,
Grovy India,construction-contracting-real-estate,
Arihant Super,construction-contracting-real-estate,
ETT,construction-contracting-real-estate,
Citadel Realty,construction-contracting-real-estate,
Videocon Ind,consumer-goods-electronic,
Mirc Electronic,consumer-goods-electronic,
Choksi Imaging,consumer-goods-electronic,
Symphony,consumer-goods-white-goods,
Whirlpool,consumer-goods-white-goods,
Blue Star,consumer-goods-white-goods,
LEEL,consumer-goods-white-goods,
IFB Industries,consumer-goods-white-goods,
Gati,couriers,
Blue Dart,couriers,
Rajesh Exports,diamond-cutting-jewellery-precious-metals,
PC Jeweller,diamond-cutting-jewellery-precious-metals,
Goldiam Inter,diamond-cutting-jewellery-precious-metals,
Renaissance,diamond-cutting-jewellery-precious-metals,
Tara Jewels,diamond-cutting-jewellery-precious-metals,
White Organic,diamond-cutting-jewellery-precious-metals,
Swarnasarita,diamond-cutting-jewellery-precious-metals,
Darshan Orna,diamond-cutting-jewellery-precious-metals,
Goenka Diamond,diamond-cutting-jewellery-precious-metals,
Tribhovandas,diamond-cutting-jewellery-precious-metals,
Lypsa Gems,diamond-cutting-jewellery-precious-metals,
SBI Life Insura,diversified,
General Insuran,diversified,
Grasim,diversified,
ICICI Lombard ,diversified,
Voltas,diversified,
Aster DM Health,diversified,
Nava Bharat Ven,diversified,
Hindustan Aeron,diversified,
3M India,diversified,
NESCO,diversified,
Kesoram,diversified,
IEX,diversified,
Orient Paper,diversified,
RITES,diversified,
Balmer Lawrie,diversified,
Mahindra Logist,diversified,
DCM Shriram,diversified,
Sintex Ind,diversified,
Kokuyo Camlin,diversified,
Kushal,diversified,
IRIS Business S,diversified,
TTK Prestige,domestic-appliances,
Bajaj Electric,domestic-appliances,
DHP,domestic-appliances,
Viaan Ind,domestic-appliances,
Jaipan Inds,domestic-appliances,
Butterfly,domestic-appliances,
Indo-National,dry-cells,
Shervani Indust,dry-cells,
Eveready Ind,dry-cells,
Atul,dyes-pigments,
Ultramarine,dyes-pigments,
Indian Toners,dyes-pigments,
AksharChem,dyes-pigments,
Bodal Chemicals,dyes-pigments,
Asahi Songwon,dyes-pigments,
Clariant Chem,dyes-pigments,
Jaysynth Dyestu,dyes-pigments,
Bhageria Indu,dyes-pigments,
Amal,dyes-pigments,
Generic Pharmas,dyes-pigments,
Sadhana Nitro,dyes-pigments,
Vipul Organics,dyes-pigments,
Dynemic Product,dyes-pigments,
Dynamic Ind,dyes-pigments,
Shree Hari Chem,dyes-pigments,
Daikaffil Chem,dyes-pigments,
Bagadia Colour,dyes-pigments,
Chromatic India,dyes-pigments,
Kiri Industries,dyes-pigments,
Vivid Global,dyes-pigments,
Vidhi Spec,dyes-pigments,
Indokem,dyes-pigments,
Sudarshan Chem,dyes-pigments,
Camex,dyes-pigments,
Gokul Refoils,edible-oils-solvent-extraction,
Guj Amb Exports,edible-oils-solvent-extraction,
Agro Tech Foods,edible-oils-solvent-extraction,
Vijay Solvex,edible-oils-solvent-extraction,
KSE,edible-oils-solvent-extraction,
Ruchinfra,edible-oils-solvent-extraction,
Ruchi Soya,edible-oils-solvent-extraction,
Gokul Agro,edible-oils-solvent-extraction,
AVT Natural,edible-oils-solvent-extraction,
Vegetable Prod,edible-oils-solvent-extraction,
Kriti Nutrients,edible-oils-solvent-extraction,
CG Power ,electric-equipment,
Bharat Bijlee,electric-equipment,
Apar Ind,electric-equipment,
Easun Reyrl,electric-equipment,
Lakshmi Elec,electric-equipment,
V-Guard Ind,electric-equipment,
Kirl Electric,electric-equipment,
Havells India,electric-equipment,
HPL Electric & ,electric-equipment,
Igarashi Motors,electric-equipment,
Eon Electric,electric-equipment,
Triveni Turbine,electric-equipment,
De Nora India,electric-equipment,
RTS Power Corp,electric-equipment,
Emco,electric-equipment,
Salzer Electro,electric-equipment,
HBL Power,electric-equipment,
Veto Switch,electric-equipment,
Rexnord Electro,electric-equipment,
Bharat Elec,electricals,
CG Consumer,electricals,
Genus Power,electricals,
Centum Electron,electricals,
Dixon Technolog,electricals,
Hind Rectifiers,electricals,
Fine-line Circ,electricals,
BCC Fuba,electricals,
Graphite India,electrodes-graphite,
HEG,electrodes-graphite,
Esab India,electrodes-graphite,
Ador Fontech,electrodes-graphite,
Ador Welding,electrodes-graphite,
D & H India,electrodes-graphite,
Rasi Electrodes,electrodes-graphite,
Quess Corp,engineering,
Hercules Hoists,engineering,
Veritas,engineering,
Ion Exchange,engineering,
Electrotherm,engineering,
Mazda,engineering,
Technofab Engg,engineering,
Alfred Herbert,engineering,
Pitti Engineeri,engineering,
Axtel Ind,engineering,
Sika Interplant,engineering,
Creative Cast.,engineering,
Skipper,engineering,
Batliboi,engineering,
Salasar Techno ,engineering,
Rajoo Engineers,engineering,
Affordable Robo,engineering,
Fluidomat,engineering,
Hawa Engineers,engineering,
Cenlub,engineering,
Ircon Internati,engineering-heavy,
Varroc Engineer,engineering-heavy,
Praj Industries,engineering-heavy,
ISGEC Heavy Eng,engineering-heavy,
Elecon Eng,engineering-heavy,
Eimco Elecon,engineering-heavy,
TRF,engineering-heavy,
GMM Pfaudler,engineering-heavy,
Gujarat Apollo,engineering-heavy,
Action Const,engineering-heavy,
Intl Combustion,engineering-heavy,
Kilburn Engg,engineering-heavy,
Disa India,engineering-heavy,
Windsor,engineering-heavy,
Walchandnagar,engineering-heavy,
Shriram EPC,engineering-heavy,
Josts Engineers,engineering-heavy,
PTC Industries,engineering-heavy,
Kirloskar Ind,engines,
Kirloskar Oil,engines,
Greaves Cotton,engines,
Cummins,engines,
Swaraj Engines,engines,
Sundram,fasteners,
Sterling Tools,fasteners,
GSFC,fertilisers,
Zuari Global,fertilisers,
Zuari Agro Chem,fertilisers,
Deepak Fert,fertilisers,
GNFC,fertilisers,
Chambal Fert,fertilisers,
Coromandel Int,fertilisers,
NFL,fertilisers,
Madras Fert,fertilisers,
Rashtriya Chem,fertilisers,
Fert and Chem,fertilisers,
Agri-Tech,fertilisers,
Aries Agro,fertilisers,
Nagarjuna Fert,fertilisers,
Shiva Global,fertilisers,
Khaitan Chem,fertilisers,
Bharat Agri,fertilisers,
Teesta Agro Ind,fertilisers,
Rama Phosphates,fertilisers,
Basant Agro Tec,fertilisers,
ICICI Prudentia,finance-general,
Pilani Invest,finance-general,
Network 18,finance-general,
Edelweiss,finance-general,
Motilal Oswal,finance-general,
AU Small Financ,finance-general,
Ujjivan Financi,finance-general,
Equitas Holding,finance-general,
Indostar Capita,finance-general,
IIFL Finance,finance-general,
Centrum Capital,finance-general,
A.K.Capital Ser,finance-general,
Jindal Poly Inv,finance-general,
Capri Global,finance-general,
Geojit Fin,finance-general,
Choice Internat,finance-general,
Wallfort Fin,finance-general,
Inditrade Capit,finance-general,
Mangalam Ind,finance-general,
Shriram Asset,finance-general,
Magellanic,finance-general,
Comfort,finance-general,
MAS Financial S,finance-general,
Alankit,finance-general,
SKP Securities,finance-general,
Elixir Cap,finance-general,
Transwarranty,finance-general,
Indo Thai Secu,finance-general,
PMC Fincorp,finance-general,
Jackson Invt,finance-general,
Comfort Comm,finance-general,
Upsurge Invest,finance-general,
AAVAS Financier,finance-general,
Nova Publicat,finance-general,
Comfort Fincap,finance-general,
Modex Intl Sec,finance-general,
GCM Capital,finance-general,
DB (Int) Stock,finance-general,
Alps Motor Fin,finance-general,
Natco Eco.,finance-general,
ARC Finance,finance-general,
Toyam Ind,finance-general,
Capital Trade,finance-general,
Bharat Fin,finance-general,
Viji Finance,finance-general,
HDFC,finance-housing,
Indiabulls Hsg,finance-housing,
Dewan Housing,finance-housing,
PNB Housing Fin,finance-housing,
LIC Housing Fin,finance-housing,
Crest Ventures,finance-housing,
GRUH Finance,finance-housing,
Reliance Home F,finance-housing,
Coral India Fin,finance-housing,
Repco Home,finance-housing,
Can Fin Homes,finance-housing,
GIC Housing Fin,finance-housing,
India Home Loan,finance-housing,
Akme Star,finance-housing,
SRG Housing Fin,finance-housing,
BCL Enterprises,finance-housing,
Sahara Housing,finance-housing,
Rel Capital,finance-investments,
Bajaj Holdings,finance-investments,
Tata Inv Corp,finance-investments,
L&T Finance,finance-investments,
JSW Holdings,finance-investments,
Indiabulls Vent,finance-investments,
Religare Enterp,finance-investments,
Bajaj Finserv,finance-investments,
HDFC AMC,finance-investments,
JM Financial,finance-investments,
Max Financial,finance-investments,
BF Investment,finance-investments,
Muthoot Finance,finance-investments,
PNB Gilts,finance-investments,
STEL Holdings,finance-investments,
Nahar Capital,finance-investments,
Vardhman Hold,finance-investments,
Bengal & Assam ,finance-investments,
Satin Credit,finance-investments,
Kiran Vyapar,finance-investments,
Oswal Agro,finance-investments,
SIL Invest,finance-investments,
Hexa Tradex,finance-investments,
Niyogin Fintech,finance-investments,
Ravindra Tradin,finance-investments,
Florence Invest,finance-investments,
ILandFS,finance-investments,
HB Portfolio,finance-investments,
IndiaNivesh,finance-investments,
Dolat Investmen,finance-investments,
Weizmann Forex,finance-investments,
Almondz Global,finance-investments,
Inventure Grow,finance-investments,
Avonmore Cap,finance-investments,
Ausom Enterp,finance-investments,
TCI Finance,finance-investments,
East West,finance-investments,
Bhilwara Tex-Fi,finance-investments,
Ind & Prud Invt,finance-investments,
Acme Resources,finance-investments,
Balmer Invest,finance-investments,
Yamini Invt,finance-investments,
BNK Capital,finance-investments,
McDowell Hold,finance-investments,
Stanrose Financ,finance-investments,
Haryana Capfin,finance-investments,
Sharp Invest,finance-investments,
BLB,finance-investments,
Quest Financial,finance-investments,
Prime Sec,finance-investments,
Arihant Capital,finance-investments,
Symbiox Invest,finance-investments,
Monarch Net,finance-investments,
Sawaca Fin,finance-investments,
CIL Securities,finance-investments,
TCFC Finance,finance-investments,
Apollo Finvest,finance-investments,
Arihant Avenues,finance-investments,
Kalyani Invest,finance-investments,
Vertex Sec,finance-investments,
Nagreeka Cap,finance-investments,
Sun Techno,finance-investments,
Stampede Cap,finance-investments,
Pro Fin Capital,finance-investments,
Joindre Capital,finance-investments,
Interactive Fin,finance-investments,
Gromo Trade,finance-investments,
Sahil Finance,finance-investments,
Midas Infra,finance-investments,
Shalibhadra Fin,finance-investments,
Alexander Stamp,finance-investments,
Greencrest Fin,finance-investments,
Tiaan Ayurvedic,finance-investments,
Zenlabs Ethica,finance-investments,
Krishna Capital,finance-investments,
Signet Ind,finance-investments,
Stephanotis,finance-investments,
VCK Capital,finance-investments,
SSPN Finance,finance-investments,
Bajaj Finance,finance-leasing-hire-purchase,
Shriram Trans,finance-leasing-hire-purchase,
M&M Financial,finance-leasing-hire-purchase,
Sundaram Fin,finance-leasing-hire-purchase,
SREI Infra,finance-leasing-hire-purchase,
Manappuram Fin,finance-leasing-hire-purchase,
Shriram City,finance-leasing-hire-purchase,
Magma Fincorp,finance-leasing-hire-purchase,
VLS Finance,finance-leasing-hire-purchase,
Mercantile Vent,finance-leasing-hire-purchase,
Cholamandalam,finance-leasing-hire-purchase,
Optiemus Infra,finance-leasing-hire-purchase,
Systematix Corp,finance-leasing-hire-purchase,
LKP Finance,finance-leasing-hire-purchase,
Pioneer Invest,finance-leasing-hire-purchase,
Capital Trust,finance-leasing-hire-purchase,
U. Y. Fincorp,finance-leasing-hire-purchase,
Mangal Credit,finance-leasing-hire-purchase,
Times Guaranty,finance-leasing-hire-purchase,
Sakthi Finance,finance-leasing-hire-purchase,
Hb Stockhol,finance-leasing-hire-purchase,
Bervin Invest,finance-leasing-hire-purchase,
Arman Financial,finance-leasing-hire-purchase,
Swastika Invest,finance-leasing-hire-purchase,
Sumedha Fiscal,finance-leasing-hire-purchase,
Baid Leasing,finance-leasing-hire-purchase,
Atharv Ent,finance-leasing-hire-purchase,
AshirwadCapital,finance-leasing-hire-purchase,
Titan Secu,finance-leasing-hire-purchase,
BN Rathi Sec,finance-leasing-hire-purchase,
Som Datt Fin,finance-leasing-hire-purchase,
Apple Finance,finance-leasing-hire-purchase,
Mansi Financ,finance-leasing-hire-purchase,
Ad Manum Fin,finance-leasing-hire-purchase,
Brijlaxmi Lease,finance-leasing-hire-purchase,
Jagsonpal Fin,finance-leasing-hire-purchase,
Wall Street Fin,finance-leasing-hire-purchase,
CSL Fin,finance-leasing-hire-purchase,
IDFC,finance-term-lending-institutions,
IFCI,finance-term-lending-institutions,
REC,finance-term-lending-institutions,
Power Finance,finance-term-lending-institutions,
Tourism Finance,finance-term-lending-institutions,
PTC India Fin,finance-term-lending-institutions,
Vani Commercial,finance-term-lending-institutions,
Emerald Leasing,finance-term-lending-institutions,
CreditAccess Gr,finance-term-lending-institutions,
Nestle,food-processing,
Coffee Day,food-processing,
Britannia,food-processing,
Heritage Foods,food-processing,
Varun Beverages,food-processing,
Future Consumer,food-processing,
Prabhat Dairy,food-processing,
LT Foods,food-processing,
Parag Milk Food,food-processing,
ADF Foods,food-processing,
Manpasand Bever,food-processing,
Chaman Lal Seti,food-processing,
KRBL,food-processing,
Mahaan Foods,food-processing,
Vadilal Ind,food-processing,
Freshtrop Fruit,food-processing,
Himalaya Food ,food-processing,
Foods and Inns,food-processing,
Sunil Agro Food,food-processing,
Ravalgaon Sugar,food-processing,
Milkfood,food-processing,
Sampre Nutritio,food-processing,
Chordia Food,food-processing,
Borosil Glass,glass-glass-products,
Saint-Gobain,glass-glass-products,
Asahi India,glass-glass-products,
Guj Borosil,glass-glass-products,
Haldyn Glass,glass-glass-products,
Jai Mata Glass,glass-glass-products,
Swiss Glascoat,glass-glass-products,
Fortis Health,hospitals-medical-services,
Apollo Hospital,hospitals-medical-services,
Narayana Hruda,hospitals-medical-services,
Opto Circuits,hospitals-medical-services,
Healthcare Glob,hospitals-medical-services,
Thyrocare Techn,hospitals-medical-services,
Metropolis,hospitals-medical-services,
Poly Medicure,hospitals-medical-services,
Span Diagnostic,hospitals-medical-services,
Shalby ,hospitals-medical-services,
Tejnaksh,hospitals-medical-services,
Kovai Medical,hospitals-medical-services,
Fortis Malar,hospitals-medical-services,
Indian Hotels,hotels,
EIH,hotels,
Lemon Tree Hote,hotels,
Westlife Dev,hotels,
Country Club,hotels,
Blue Coast,hotels,
Royal Orchid,hotels,
Taj GVK Hotels,hotels,
Oriental Hotels,hotels,
Speciality Rest,hotels,
Sinclairs Hotel,hotels,
EIH Assoc Hotel,hotels,
Chalet Hotels,hotels,
Mac Charles,hotels,
Advani Hotels,hotels,
Sayaji Hotels,hotels,
India Tourism D,hotels,
TGB Banquets,hotels,
Kemistar Corp,hotels,
Savera Ind,hotels,
Phoenix Town,hotels,
Hotel Rugby,hotels,
Kamat Hotels,hotels,
Jindal Hotels,hotels,
Polo Hotels,hotels,
Larsen,infrastructure-general,
Adani Ports,infrastructure-general,
GMR Infra,infrastructure-general,
Jaiprakash Asso,infrastructure-general,
IRB Infra,infrastructure-general,
ILandFS Trans,infrastructure-general,
SKIL Infra,infrastructure-general,
Sadbhav Infra,infrastructure-general,
Thermax,infrastructure-general,
Bharat Road Net,infrastructure-general,
BHEL,infrastructure-general,
Sadbhav Engg,infrastructure-general,
Jaypee Infra,infrastructure-general,
Titagarh Wagons,infrastructure-general,
BGR Energy,infrastructure-general,
EngineersInd,infrastructure-general,
Rel Ind Infra,infrastructure-general,
Arvind Smart,infrastructure-general,
Texmaco Infra,infrastructure-general,
Texmaco Rail,infrastructure-general,
Hindusthan Urba,infrastructure-general,
Siemens,infrastructure-general,
Brahma Infra,infrastructure-general,
Va Tech Wabag,infrastructure-general,
Power Mech,infrastructure-general,
DRA Consultants,infrastructure-general,
Maxheights,infrastructure-general,
BEML,infrastructure-general,
ABB India,infrastructure-general,
Bhartiya Inter,leather-products,
Superhouse,leather-products,
Phoenix Intl,leather-products,
Bata India,leather-products,
Super Tannery,leather-products,
Liberty Shoes,leather-products,
Mirza Intl,leather-products,
Relaxo Footwear,leather-products,
Tide Water Oil,lubricants,
Gulf Oil Lubric,lubricants,
GP Petroleums,lubricants,
Kranti Industri,machine-tools,
Solitaire Mach,machine-tools,
Lokesh Machines,machine-tools,
ITL Industries,machine-tools,
Kennametal,machine-tools,
Hathway Cable,media-entertainment,
Dish TV,media-entertainment,
Sun TV Network,media-entertainment,
Den Networks,media-entertainment,
HT Media,media-entertainment,
Zee Entertain,media-entertainment,
TV18 Broadcast,media-entertainment,
Hindustan Media,media-entertainment,
Prime Focus,media-entertainment,
Balaji Telefilm,media-entertainment,
PVR,media-entertainment,
JagranPrakashan,media-entertainment,
Zee Media,media-entertainment,
Siti Networks,media-entertainment,
NDTV,media-entertainment,
BAG Films,media-entertainment,
UFO Moviez,media-entertainment,
GTPL Hathway,media-entertainment,
Music Broadcast,media-entertainment,
Ent Network Ind,media-entertainment,
Media Matrix,media-entertainment,
Saregama India,media-entertainment,
KSS,media-entertainment,
Sahara One,media-entertainment,
Jump Networks,media-entertainment,
TV TodayNetwork,media-entertainment,
Eros Intl,media-entertainment,
DB Corp,media-entertainment,
Next Mediaworks,media-entertainment,
Garnet Intl,media-entertainment,
TV Vision,media-entertainment,
Pressman Advt,media-entertainment,
Mukta Arts,media-entertainment,
GV Films,media-entertainment,
Sri Adhikari,media-entertainment,
Sanguine Media ,media-entertainment,
Vision Cinemas,media-entertainment,
Think Ink Studi,media-entertainment,
INOX Leisure,media-entertainment,
Radaan Media,media-entertainment,
Tips Industries,media-entertainment,
Cineline India,media-entertainment,
Hind Zinc,metals-non-ferrous,
Tinplate,metals-non-ferrous,
Ram Ratna Wires,metals-non-ferrous,
Gravita India,metals-non-ferrous,
RCI Industries,metals-non-ferrous,
Arfin India,metals-non-ferrous,
Precision Wires,metals-non-ferrous,
Arcotech,metals-non-ferrous,
Hind Copper,metals-non-ferrous,
Nile,metals-non-ferrous,
Vedanta,mining-minerals,
Coal India,mining-minerals,
NMDC,mining-minerals,
Maithan Alloys,mining-minerals,
Guj Mineral,mining-minerals,
Sandur Manganes,mining-minerals,
Indian Metals,mining-minerals,
MOIL,mining-minerals,
Indsil Hydro,mining-minerals,
Deccan Gold,mining-minerals,
Assoc Stone,mining-minerals,
Shirpur Gold,mining-minerals,
20 Microns,mining-minerals,
Ferro Alloys,mining-minerals,
Facor Alloys,mining-minerals,
Orissa Minerals,mining-minerals,
HDFC Life,miscellaneous,
New India Assur,miscellaneous,
TML-D,miscellaneous,
Binani Ind,miscellaneous,
Dishman Carboge,miscellaneous,
Info Edge,miscellaneous,
CVL,miscellaneous,
Just Dial,miscellaneous,
Reliance Nippon,miscellaneous,
MCX India,miscellaneous,
AFL,miscellaneous,
Indiabulls Inte,miscellaneous,
Thomas Cook,miscellaneous,
FEL,miscellaneous,
Gateway Distri,miscellaneous,
Max India,miscellaneous,
Cholamandalam,miscellaneous,
Titan Company,miscellaneous,
Syngene Intl,miscellaneous,
CRISIL,miscellaneous,
Karuturi Global,miscellaneous,
IndiGrid InvIT ,miscellaneous,
Godrej Agrovet,miscellaneous,
Kaveri Seed,miscellaneous,
CARE,miscellaneous,
KT,miscellaneous,
Sheela Foam,miscellaneous,
SIS,miscellaneous,
JITF Infralogis,miscellaneous,
GeeCee Ventures,miscellaneous,
Bartronics,miscellaneous,
Jubilant Ind,miscellaneous,
Cheviot Company,miscellaneous,
ICICI Securitie,miscellaneous,
Jubilant Food,miscellaneous,
Galaxy Surfacta,miscellaneous,
Cox & Kings,miscellaneous,
CL Educate,miscellaneous,
TeamLease Ser.,miscellaneous,
AGL,miscellaneous,
GL,miscellaneous,
Uniply Ind,miscellaneous,
Infibeam Avenue,miscellaneous,
Kridhan Infra,miscellaneous,
Neha Intl,miscellaneous,
Amber Enterpris,miscellaneous,
Kaya,miscellaneous,
Adlabs Ent,miscellaneous,
Future Market,miscellaneous,
CenturyPlyboard,miscellaneous,
Sukhjit Starch,miscellaneous,
Greenply Ind,miscellaneous,
SRL,miscellaneous,
Talwalkars Fitn,miscellaneous,
Cochin Shipyard,miscellaneous,
Nitin Fire Prot,miscellaneous,
Wonderla,miscellaneous,
VM,miscellaneous,
Shankara Buildi,miscellaneous,
MSTC,miscellaneous,
NSL,miscellaneous,
Greenlam Ind,miscellaneous,
SEL,miscellaneous,
Cupid,miscellaneous,
Shilp Gravures,miscellaneous,
Nicco Parks,miscellaneous,
Fine Organics,miscellaneous,
Akashdeep Metal,miscellaneous,
Asit C Mehta,miscellaneous,
ConfidencePetro,miscellaneous,
Bhagyanagar Pro,miscellaneous,
Atlas Cycles,miscellaneous,
Oswal Greentech,miscellaneous,
Oriental Veneer,miscellaneous,
Nyssa Corp,miscellaneous,
Taneja Aerospac,miscellaneous,
Focus Suits Sol,miscellaneous,
Venkys,miscellaneous,
LKP Securities,miscellaneous,
Pritika Auto,miscellaneous,
Panth Infinity,miscellaneous,
BLS Internation,miscellaneous,
P C Products,miscellaneous,
Jupiter Infomed,miscellaneous,
Dredging Corp,miscellaneous,
Bharat Dynamics,miscellaneous,
Mauria Udyog,miscellaneous,
Banaras Beads,miscellaneous,
Majestic Resear,miscellaneous,
Jiya Eco,miscellaneous,
Orient Beverage,miscellaneous,
RR Metalmakers,miscellaneous,
5paisa Capita,miscellaneous,
Mishra Dhatu Ni,miscellaneous,
Beardsell,miscellaneous,
JISL,miscellaneous,
Dwekam Industri,miscellaneous,
Vama Ind,miscellaneous,
Simran Farms,miscellaneous,
Dhanvarsha Finv,miscellaneous,
K.P. Energy ,miscellaneous,
Kabsons Ind,miscellaneous,
Sai Baba Invest,miscellaneous,
Crown Tours,miscellaneous,
Oceanic Foods,miscellaneous,
Universal Starc,miscellaneous,
Taylormade Rene,miscellaneous,
Ludlow Jute,miscellaneous,
Mangalam Timber,miscellaneous,
Duroply Industr,miscellaneous,
Arnold Holdings,miscellaneous,
Rushil Decor,miscellaneous,
Ambition Mica,miscellaneous,
ONGC,oil-drilling-and-exploration,
Oil India,oil-drilling-and-exploration,
GAIL,oil-drilling-and-exploration,
Guj State Petro,oil-drilling-and-exploration,
Aban Offshore,oil-drilling-and-exploration,
IGL,oil-drilling-and-exploration,
Petronet LNG,oil-drilling-and-exploration,
Jindal Drilling,oil-drilling-and-exploration,
HOEC,oil-drilling-and-exploration,
Deep Industries,oil-drilling-and-exploration,
Dolphin Offshor,oil-drilling-and-exploration,
Gujarat Gas,oil-drilling-and-exploration,
Alphageo,oil-drilling-and-exploration,
Asian Oilfield,oil-drilling-and-exploration,
Max Ventures an,packaging,
Bilcare,packaging,
Jindal PolyFilm,packaging,
Uflex,packaging,
Oricon Ent,packaging,
Essel Propack,packaging,
Time Techno,packaging,
Rollatainers,packaging,
Everest Kanto,packaging,
Polyplex Corp,packaging,
Garware Poly,packaging,
Huhtamaki PPL,packaging,
ESS DEE,packaging,
Hind Tin Works,packaging,
Bajaj Steel,packaging,
Kanpur Plast,packaging,
Shetron,packaging,
Polyspin Export,packaging,
Rishi Techtex,packaging,
Mold Tek Tech,packaging,
RDB Rasayans,packaging,
Ester Ind,packaging,
Kaira Can,packaging,
Gopala Poly,packaging,
Jumbo Bag,packaging,
Emmbi Ind,packaging,
Asian Paints,paints-varnishes,
Berger Paints,paints-varnishes,
Akzo Nobel,paints-varnishes,
Kansai Nerolac,paints-varnishes,
Shalimar Paints,paints-varnishes,
Ballarpur Ind,paper,
JK Paper,paper,
Genus Paper,paper,
Seshasayee Pape,paper,
Star Paper,paper,
Shreyans Ind,paper,
Emami Paper,paper,
Pudumjee Paper ,paper,
Shree Ajit Pulp,paper,
Rama Pulp,paper,
Astron Paper & ,paper,
Satia Ind,paper,
Tamil Newsprint,paper,
West Coast Pap,paper,
NR Agarwal,paper,
Shree Rama News,paper,
Godrej Consumer,personal-care,
Dabur India,personal-care,
HUL,personal-care,
Godrej Ind,personal-care,
Marico,personal-care,
Bajaj Consumer ,personal-care,
Emami,personal-care,
Jyothy Labs,personal-care,
JL Morison,personal-care,
Colgate,personal-care,
JHS Svendgaard,personal-care,
Rallis India,pesticides-agro-chemicals,
Bayer CropScien,pesticides-agro-chemicals,
Monsanto India,pesticides-agro-chemicals,
Sharda Crop,pesticides-agro-chemicals,
Meghmani Organi,pesticides-agro-chemicals,
Dhanuka Agritec,pesticides-agro-chemicals,
PI Industries,pesticides-agro-chemicals,
Insecticides,pesticides-agro-chemicals,
Nacl Industries,pesticides-agro-chemicals,
Camson Bio Tech,pesticides-agro-chemicals,
Kilpest (I),pesticides-agro-chemicals,
Excel Crop Care,pesticides-agro-chemicals,
Super Crop Safe,pesticides-agro-chemicals,
Aimco Pesticide,pesticides-agro-chemicals,
Bharat Rasayan,pesticides-agro-chemicals,
Finolex Ind,petrochemicals,
Dhunseri Ventur,petrochemicals,
Kama Holdings,petrochemicals,
Supreme Petro,petrochemicals,
NOCIL,petrochemicals,
Manali Petro,petrochemicals,
Savita Oil Tech,petrochemicals,
Guj Petrosynth,petrochemicals,
Goa Carbon,petrochemicals,
Bhansali Eng,petrochemicals,
Diamines Chem,petrochemicals,
SVC Superchem,petrochemicals,
DCW,petrochemicals,
Piramal Enter,pharmaceuticals,
Sun Pharma,pharmaceuticals,
Lupin,pharmaceuticals,
Cipla,pharmaceuticals,
Cadila Health,pharmaceuticals,
Biocon,pharmaceuticals,
Dr Reddys Labs,pharmaceuticals,
Glenmark,pharmaceuticals,
Aurobindo Pharm,pharmaceuticals,
Strides Pharma ,pharmaceuticals,
Divis Labs,pharmaceuticals,
Jubilant Life,pharmaceuticals,
Alkem Lab,pharmaceuticals,
Unichem Labs,pharmaceuticals,
Sequent Scienti,pharmaceuticals,
JB Chemicals,pharmaceuticals,
FDC,pharmaceuticals,
Eris Life,pharmaceuticals,
Granules India,pharmaceuticals,
Alembic Pharma,pharmaceuticals,
Torrent Pharma,pharmaceuticals,
Suven Life Sci,pharmaceuticals,
Ipca Labs,pharmaceuticals,
Wockhardt,pharmaceuticals,
Natco Pharma,pharmaceuticals,
Marksans Pharma,pharmaceuticals,
Dr Lal PathLab,pharmaceuticals,
Sun Pharma Adv,pharmaceuticals,
Alembic,pharmaceuticals,
Caplin Labs,pharmaceuticals,
Kopran,pharmaceuticals,
Vivimed Labs,pharmaceuticals,
Advanced Enzyme,pharmaceuticals,
Morepen Lab,pharmaceuticals,
Albert David,pharmaceuticals,
DIL,pharmaceuticals,
Kilitch Drugs,pharmaceuticals,
Shilpa,pharmaceuticals,
Ajanta Pharma,pharmaceuticals,
Lyka Labs,pharmaceuticals,
Alpa Labs,pharmaceuticals,
Laurus Labs,pharmaceuticals,
Ind-Swift,pharmaceuticals,
Lincoln Pharma,pharmaceuticals,
Anuh Pharma,pharmaceuticals,
Venus Remedies,pharmaceuticals,
Hester Bio,pharmaceuticals,
Coral Labs,pharmaceuticals,
Shivalik Rasa,pharmaceuticals,
Ind-Swift Labs,pharmaceuticals,
GlaxoSmithKline,pharmaceuticals,
SMS Pharma,pharmaceuticals,
Aarti Drugs,pharmaceuticals,
Bliss GVS,pharmaceuticals,
Amrutanjan Heal,pharmaceuticals,
Kerala Ayur,pharmaceuticals,
Makers Labs,pharmaceuticals,
Themis Medicare,pharmaceuticals,
Parnax Lab,pharmaceuticals,
NGL Fine Chem,pharmaceuticals,
Neuland Lab,pharmaceuticals,
Gennex Labs,pharmaceuticals,
Bal Pharma,pharmaceuticals,
Natural Capsule,pharmaceuticals,
Medi-Caps,pharmaceuticals,
Nutraplus India,pharmaceuticals,
Ishita Drugs,pharmaceuticals,
Jenburkt Pharma,pharmaceuticals,
Parenteral Drug,pharmaceuticals,
Indoco Remedies,pharmaceuticals,
Syncom Formula,pharmaceuticals,
Bafna Pharma,pharmaceuticals,
Sandu Pharma,pharmaceuticals,
Nectar Life,pharmaceuticals,
Hikal,pharmaceuticals,
Fervent Synergi,pharmaceuticals,
Astec Life,pharmaceuticals,
Orchid Pharma,pharmaceuticals,
Aarey Drugs,pharmaceuticals,
Guj Terce Labs,pharmaceuticals,
Mangalam Drugs,pharmaceuticals,
Sunil Health,pharmaceuticals,
Sanofi India,pharmaceuticals,
Aayush Food ,pharmaceuticals,
Everest Organic,pharmaceuticals,
Ortin Labs,pharmaceuticals,
Lactose India,pharmaceuticals,
IOL Chemicals,pharmaceuticals,
Vivo Biotech,pharmaceuticals,
Vista Pharma,pharmaceuticals,
Brooks Labs,pharmaceuticals,
Guj Themis,pharmaceuticals,
Kimia Bio,pharmaceuticals,
Gufic Bio,pharmaceuticals,
Tata Global Bev,plantations-tea-coffee,
Mcleod,plantations-tea-coffee,
Tata Coffee,plantations-tea-coffee,
Bombay Burmah,plantations-tea-coffee,
Jayshree Tea,plantations-tea-coffee,
CCL Products,plantations-tea-coffee,
Dhunseri Tea,plantations-tea-coffee,
Rossell India,plantations-tea-coffee,
Kanco Tea,plantations-tea-coffee,
Diana Tea,plantations-tea-coffee,
Harrisons Malay,plantations-tea-coffee,
Sintex Plastics,plastics,
Astral Poly Tec,plastics,
Mayur Uniquoter,plastics,
Cosmo Films,plastics,
Supreme Ind,plastics,
Responsive Ind,plastics,
Tainwala Chem,plastics,
VIP Industries,plastics,
Nilkamal,plastics,
Wim Plast,plastics,
Acrysil India,plastics,
Arrow Greentech,plastics,
Texmo Pipes,plastics,
Mold-Tek Pack,plastics,
Innovative Tech,plastics,
OK Play,plastics,
Kriti Ind,plastics,
Pil Italica,plastics,
Captain Poly,plastics,
Dhabriya Poly,plastics,
Duro Pack,plastics,
Bright Brothers,plastics,
Prima Plastics,plastics,
Jasch Ind,plastics,
Kkalpana Ind,plastics,
Pearl Polymers,plastics,
Mahindra EPC,plastics,
Jain Irrigation,plastics,
Hind Adhesives,plastics,
TPL Plastech,plastics,
Fiberweb India,plastics,
Apollo Pipes,plastics,
Kisan Mouldings,plastics,
Safari Ind,plastics,
Arcee Ind,plastics,
Tata Power,power-generation-distribution,
Reliance Power,power-generation-distribution,
Reliance Infra,power-generation-distribution,
Adani Power,power-generation-distribution,
NTPC,power-generation-distribution,
CESC,power-generation-distribution,
JSW Energy,power-generation-distribution,
Jaiprakash Pow,power-generation-distribution,
Rattan Power,power-generation-distribution,
Suzlon Energy,power-generation-distribution,
Power Grid Corp,power-generation-distribution,
NLC India,power-generation-distribution,
NHPC,power-generation-distribution,
KSK Energy Vent,power-generation-distribution,
SJVN,power-generation-distribution,
Torrent Power,power-generation-distribution,
Orient Green,power-generation-distribution,
Rattan Infra,power-generation-distribution,
Inox Wind,power-generation-distribution,
Guj Ind Power,power-generation-distribution,
BF Utilities,power-generation-distribution,
Energy Dev,power-generation-distribution,
Advance Meter,power-generation-distribution,
GVK Power,power-generation-distribution,
Indowind Energy,power-generation-distribution,
Adani Trans,power-transmission-equipment,
Kalpataru Power,power-transmission-equipment,
A2Z Infra Eng,power-transmission-equipment,
Sunil HitechEng,power-transmission-equipment,
Voltamp Trans,power-transmission-equipment,
Transformers,power-transmission-equipment,
Ujaas Energy,power-transmission-equipment,
GE T&D India,power-transmission-equipment,
S Chand and Co,printing-stationery,
MPS,printing-stationery,
Navneet,printing-stationery,
Sundaram Multi,printing-stationery,
Sambhaav Media,printing-stationery,
Orient Press,printing-stationery,
Gala Global Prd,printing-stationery,
Kirloskar Bros,pumps,
WPIL,pumps,
Shakti Pumps,pumps,
Yuken India,pumps,
Roto Pumps,pumps,
KSB Pumps,pumps,
Reliance,refineries,
IOC,refineries,
BPCL,refineries,
HPCL,refineries,
MRPL,refineries,
Mahanagar Gas,refineries,
Chennai Petro,refineries,
Future Ent,retail,
Trent,retail,
Vaibhav Global,retail,
Shoppers Stop,retail,
Avenue Supermar,retail,
Future Life,retail,
Provogue,retail,
Future Retail,retail,
V-Mart Retail,retail,
Aditya Birla F,retail,
Cantabil Retail,retail,
Apcotex Ind,rubber,
Rishiroop,rubber,
Pix Transmis,rubber,
GRP,rubber,
Vamshi Rubber,rubber,
GE Shipping,shipping,
Shipping Corp,shipping,
Hariyana Ship,shipping,
Seamec,shipping,
Chowgule Steam,shipping,
Mercator,shipping,
Shreyas Shippin,shipping,
Reliance Naval ,shipping,
Gujarat Pipavav,shipping,
Lancer Containe,shipping,
Tata Steel BSL ,steel-cr-hr-strips,
Pennar Inds,steel-cr-hr-strips,
Mahamaya Steel,steel-cr-hr-strips,
Rishabh Digha,steel-cr-hr-strips,
Jai Corp,steel-gp-gc-sheets,
Uttam Galva,steel-gp-gc-sheets,
National Steel,steel-gp-gc-sheets,
Tata Steel,steel-large,
JSW Steel,steel-large,
SAIL,steel-large,
Jindal (Hisar),steel-large,
Visa Steel,steel-large,
Narayani Steels,steel-large,
Steel Exchange ,steel-large,
Mukand,steel-medium-small,
Jindal Stainles,steel-medium-small,
Technocraft Ind,steel-medium-small,
Hind Wires,steel-medium-small,
Balasore Alloys,steel-medium-small,
Rama Steel Tube,steel-medium-small,
Shivalik Bimeta,steel-medium-small,
Bedmutha Ind,steel-medium-small,
Kamdhenu,steel-medium-small,
India Steel,steel-medium-small,
Rathi Bars,steel-medium-small,
Beekay Steel,steel-medium-small,
M.D. Inducto,steel-medium-small,
Metkore Alloys,steel-medium-small,
Adhunik Ind,steel-medium-small,
Vardhman Steels,steel-medium-small,
Mideast Steels,steel-pig-iron,
Srikalahasthi,steel-pig-iron,
Tata Metaliks,steel-pig-iron,
Kirloskar Ferro,steel-pig-iron,
Kalyani Steels,steel-rolling,
ISMT,steel-rolling,
Splendid Metal,steel-rolling,
Manaksia,steel-rolling,
Ahmedabad St,steel-rolling,
Sunflag Iron,steel-rolling,
Shri Baj Alloys,steel-rolling,
Jindal Steel,steel-sponge-iron,
Sarda Energy,steel-sponge-iron,
Godawari Power,steel-sponge-iron,
Tata Sponge,steel-sponge-iron,
Gallantt Ispat,steel-sponge-iron,
Gallantt Metal,steel-sponge-iron,
Vaswani Ind,steel-sponge-iron,
Scan Steels,steel-sponge-iron,
Jai Balaji Ind,steel-sponge-iron,
Monnet Ispat,steel-sponge-iron,
Lloyds Metals,steel-sponge-iron,
Aanchal Ispat,steel-sponge-iron,
Mah Seamless,steel-tubes-pipes,
Jindal Saw,steel-tubes-pipes,
Welspun Corp,steel-tubes-pipes,
APL Apollo,steel-tubes-pipes,
Ratnamani Metal,steel-tubes-pipes,
PSL,steel-tubes-pipes,
Man Industries,steel-tubes-pipes,
Gandhi Spl Tube,steel-tubes-pipes,
Good Luck,steel-tubes-pipes,
Remi Edelstahl,steel-tubes-pipes,
Surya Roshni,steel-tubes-pipes,
JTL Infra,steel-tubes-pipes,
EID Parry,sugar,
Bajaj Hindustha,sugar,
Dalmia Sugar,sugar,
Andhra Sugar,sugar,
Simbhaoli Sugar,sugar,
KCP Sugar,sugar,
Balrampur Chini,sugar,
Shree Renuka,sugar,
Thiru Arooran,sugar,
Piccadilly Agro,sugar,
Mawana Sugars,sugar,
Triveni Engg,sugar,
Dhampur Sugar,sugar,
Sakthi Sugars,sugar,
Dharani Sugars,sugar,
KM Sugar Mills,sugar,
Avadh Sugar ,sugar,
Kesar Ent,sugar,
India Sucrose,sugar,
DCM Shriram Ind,sugar,
Ugar Sugar Work,sugar,
Bannariamman,sugar,
Dwarikesh Sugar,sugar,
Magadh Sugar ,sugar,
Bharti Infratel,telecommunications-equipment,
Tejas Networks,telecommunications-equipment,
HFCL,telecommunications-equipment,
Astra Microwave,telecommunications-equipment,
GTL Infra,telecommunications-equipment,
Punj Comm,telecommunications-equipment,
Prabhat Telecom,telecommunications-equipment,
ITI,telecommunications-equipment,
Aishwarya Tele,telecommunications-equipment,
Bharti Airtel,telecommunications-service,
Reliance Comm,telecommunications-service,
Vodafone Idea,telecommunications-service,
Tata Comm,telecommunications-service,
OnMobile Global,telecommunications-service,
Olectra Greente,telecommunications-service,
MTNL,telecommunications-service,
Nettlinx,telecommunications-service,
Bengal Tea,textiles-composite-mills,
Loyal Textiles,textiles-composite-mills,
JCT,textiles-composite-mills,
Mafatlal Ind,textiles-composite-mills,
Bhilwara Tech,textiles-cotton-blended,
Arvind,textiles-denim,
KG Denim,textiles-denim,
Nandan Denim,textiles-denim,
Aarvee Denim,textiles-denim,
SEL Mgf Company,textiles-general,
Garware Technic,textiles-general,
Bombay Rayon,textiles-general,
TCNS Clothing C,textiles-general,
SVP Global,textiles-general,
PDS Multi,textiles-general,
Sutlej Textiles,textiles-general,
Jindal Worldwid,textiles-general,
GTN Textiles,textiles-general,
S P Apparels,textiles-general,
Bang Overseas,textiles-general,
Richa Ind,textiles-general,
Hindoostan Mill,textiles-general,
STL Global,textiles-general,
VTM,textiles-hosiery-knitwear,
Ritesh Prop,textiles-hosiery-knitwear,
Rupa and Comp,textiles-hosiery-knitwear,
Suditi Ind,textiles-hosiery-knitwear,
Spenta Intl,textiles-hosiery-knitwear,
Acknit Industri,textiles-hosiery-knitwear,
Lakshmi Machine,textiles-machinery,
Indian Card,textiles-machinery,
Stovec Ind,textiles-machinery,
Veejay Lakshmi,textiles-machinery,
Meera Industrie,textiles-machinery,
JBF Industries,textiles-manmade,
SRF,textiles-manmade,
Century Enka,textiles-manmade,
Sumeet Ind,textiles-manmade,
Pasupati Acrylo,textiles-manmade,
Eskay Knit,textiles-manmade,
Zenith Fibres,textiles-manmade,
Jaykay Enter,textiles-manmade,
Indian Acrylics,textiles-manmade,
Filatex India,textiles-manmade,
Bombay Dyeing,textiles-processing,
Ganesha Ecosph,textiles-processing,
Betex,textiles-processing,
Lux Industries,textiles-processing,
Omnitex Ind,textiles-processing,
MK Exim,textiles-processing,
Anjani Synth,textiles-processing,
Suncity Synt,textiles-processing,
Soril Infra Res,textiles-readymade-apparels,
Monte Carlo,textiles-readymade-apparels,
Pearl Global In,textiles-readymade-apparels,
KPR Mill,textiles-readymade-apparels,
Zodiac Clothing,textiles-readymade-apparels,
Lovable Lingeri,textiles-readymade-apparels,
Kitex Garments,textiles-readymade-apparels,
Gokaldas Export,textiles-readymade-apparels,
Triton Corp,textiles-readymade-apparels,
Samtex Fashions,textiles-readymade-apparels,
Junction Fabric,textiles-readymade-apparels,
Visagar Polytex,textiles-readymade-apparels,
VIP Clothing,textiles-readymade-apparels,
Vardhman Text,textiles-spinning-cotton-blended,
Forbes Gokak,textiles-spinning-cotton-blended,
Trident,textiles-spinning-cotton-blended,
Modern India,textiles-spinning-cotton-blended,
Rajapalayam,textiles-spinning-cotton-blended,
Indo Count,textiles-spinning-cotton-blended,
Surat Textile,textiles-spinning-cotton-blended,
DCM,textiles-spinning-cotton-blended,
PBM Polytex,textiles-spinning-cotton-blended,
Ginni Filaments,textiles-spinning-cotton-blended,
Super Spinning,textiles-spinning-cotton-blended,
Ashima,textiles-spinning-cotton-blended,
Alka India,textiles-spinning-cotton-blended,
Indo Cotspin,textiles-spinning-cotton-blended,
Alchemist Corp,textiles-spinning-cotton-blended,
Faze Three Exp,textiles-spinning-cotton-blended,
Jindal Cotex,textiles-spinning-cotton-blended,
Amarjothi Spin,textiles-spinning-cotton-blended,
Shiva Texyarn,textiles-spinning-cotton-blended,
Maral Overseas,textiles-spinning-cotton-blended,
Ambika Cotton,textiles-spinning-cotton-blended,
Lambodhara Text,textiles-spinning-cotton-blended,
Vardhman Poly,textiles-spinning-cotton-blended,
Maris Spin,textiles-spinning-cotton-blended,
Sri Ramakrishna,textiles-spinning-cotton-blended,
Morarjee Text,textiles-spinning-cotton-blended,
RSWM,textiles-spinning-synthetic-blended,
APM Industries,textiles-spinning-synthetic-blended,
Banswara Syntex,textiles-spinning-synthetic-blended,
Swasti Vinayaka,textiles-spinning-synthetic-blended,
Indo Rama Synth,textiles-spinning-synthetic-blended,
Himatsingka Sei,textiles-synthetic-silk,
JJ Exporters,textiles-synthetic-silk,
Eastern Silk,textiles-synthetic-silk,
Welspun India,textiles-weaving,
Alok Industries,textiles-weaving,
Siyaram Silk,textiles-weaving,
Garden Silk,textiles-weaving,
Arrow Textiles,textiles-weaving,
Donear Ind,textiles-weaving,
Khator Fibre,textiles-weaving,
Raymond,textiles-woollen-worsted,
Uniphos Ent,trading,
Adani Enterpris,trading,
PTC India,trading,
Ind Motor Parts,trading,
Swan Energy,trading,
Empower India,trading,
Sicagen India,trading,
Dhoot Ind Fin,trading,
Urja Global,trading,
Sat Ind,trading,
Cravatex,trading,
Kalpa comm,trading,
WH Brady,trading,
Andrew Yule,trading,
Devhari Exports,trading,
Khaitan,trading,
Ejecta Marketin,trading,
Bombay Cycle,trading,
Grandeur Prod,trading,
Singer India,trading,
Aplaya Creation,trading,
Chandra Prabhu,trading,
Alora Trading ,trading,
Shailja Comm.,trading,
TandI Global,trading,
Shaily Engg,trading,
Cistro Telelink,trading,
High Ground Ent,trading,
Trijal Ind,trading,
Solis Marketing,trading,
STC India,trading,
Interglobe Avi,transport-logistics,
Container Corp,transport-logistics,
Arshiya,transport-logistics,
Allcargo,transport-logistics,
Sical Logistics,transport-logistics,
Starlog Enter,transport-logistics,
Transport Corp,transport-logistics,
Future Supply,transport-logistics,
Aegis Logistics,transport-logistics,
Patel Integrate,transport-logistics,
Agarwal Ind,transport-logistics,
TAAL Enterprise,transport-logistics,
TCI Express,transport-logistics,
Chartered Logis,transport-logistics,
Tiger Logistics,transport-logistics,
VRL Logistics,transport-logistics,
MRF,tyres,
Apollo Tyres,tyres,
Balkrishna Ind,tyres,
JK Tyre & Ind,tyres,
Ceat,tyres,
TVS Srichakra,tyres,
PTL Enterprises,tyres,
Tirupati Tyres,tyres,
Krypton,tyres,
Zydus Wellness,vanaspati-oils,
BCL Limited,vanaspati-oils,
Jatalia Global,vanaspati-oils,
